1763436667343,1,VIEWED,8d10a8b3-7fb4-4886-9128-cd964fc5055c
1763436669743,1,JOINED,8d10a8b3-7fb4-4886-9128-cd964fc5055c
1763436675705,1,VIEWED,a4b6a69a-815e-40e5-9e3a-e2713af29746
1763436677002,1,JOINED,a4b6a69a-815e-40e5-9e3a-e2713af29746
1763436687360,1,CREATED,2fee34ec-faa3-4ed3-b367-88d0f5199543
1763436742238,1,VIEWED,29a335e2-06d7-4203-9e6f-64466e4e07fc
1763436743902,1,JOINED,29a335e2-06d7-4203-9e6f-64466e4e07fc
1763436885852,1,VIEWED,4ec6f540-a6e8-489f-b694-24361865b3a5
1763436888293,1,JOINED,4ec6f540-a6e8-489f-b694-24361865b3a5
1763437158177,1,VIEWED,f8ca7240-0394-4a03-9034-04e2b45c3305
1763437161385,1,JOINED,f8ca7240-0394-4a03-9034-04e2b45c3305
1763438393630,1,VIEWED,a0fc661a-8b4d-4c0b-9c44-e4036841e481
1763496599268,1,VIEWED,ca1f2772-4712-4369-bc9b-6285c307f9f2
1763496602846,1,JOINED,ca1f2772-4712-4369-bc9b-6285c307f9f2
1763502336724,1,VIEWED,24292159-59b3-4753-877c-f6a2e2f65cfe
1763502339336,1,VIEWED,24292159-59b3-4753-877c-f6a2e2f65cfe
1763502340534,1,VIEWED,208a7701-5726-4f18-8ece-3b781853df17
1763502343626,1,VIEWED,91c07bf8-0ad4-4cd0-a88d-34267a556147
1763502397061,1,VIEWED,ca1f2772-4712-4369-bc9b-6285c307f9f2
1763502400452,1,VIEWED,208a7701-5726-4f18-8ece-3b781853df17
1763502404528,1,VIEWED,a4b6a69a-815e-40e5-9e3a-e2713af29746
1763502461451,1,VIEWED,24292159-59b3-4753-877c-f6a2e2f65cfe
1763502462777,1,JOINED,24292159-59b3-4753-877c-f6a2e2f65cfe
1763502466309,1,VIEWED,ca1f2772-4712-4369-bc9b-6285c307f9f2
1763502898842,1,CREATED,f258cb58-6860-4d42-8aac-703387782c02
1763502931418,1,CREATED,29d6dd39-fe79-49e2-ad1e-ade914a332fa
1763502934070,1,JOINED,29d6dd39-fe79-49e2-ad1e-ade914a332fa
1763502988996,1,CREATED,d1403c73-f348-4e29-9d2a-4d316db70dc3
1763502991053,1,JOINED,d1403c73-f348-4e29-9d2a-4d316db70dc3
1763503006573,1,VIEWED,91c07bf8-0ad4-4cd0-a88d-34267a556147
1763503289052,1,VIEWED,ca1f2772-4712-4369-bc9b-6285c307f9f2
1763503290317,1,JOINED,ca1f2772-4712-4369-bc9b-6285c307f9f2
1763503424205,1,CREATED,db7410e0-84a2-44fd-8d24-033b330b91f1
1763503492859,1,CREATED,8712bc4a-2e85-46ed-9141-02c9c6ced602
1763503496005,1,JOINED,8712bc4a-2e85-46ed-9141-02c9c6ced602
1763503501764,1,VIEWED,a4b6a69a-815e-40e5-9e3a-e2713af29746
1763503502846,1,JOINED,a4b6a69a-815e-40e5-9e3a-e2713af29746
1763503515650,1,VIEWED,d87f1c87-fb2e-421e-a42b-2a6d86bdc69d
1763503517415,1,JOINED,d87f1c87-fb2e-421e-a42b-2a6d86bdc69d
1763689113065,1,VIEWED,399451bd-63a3-4135-a2c2-7138f0e8696d
1763689123450,1,VIEWED,59e517b8-6fd7-482c-b430-1a9ae3df4a84
1763689396311,1,VIEWED,59e517b8-6fd7-482c-b430-1a9ae3df4a84
1763697196346,1,VIEWED,24292159-59b3-4753-877c-f6a2e2f65cfe
1763697950357,1,VIEWED,59e517b8-6fd7-482c-b430-1a9ae3df4a84
1763752841338,1,VIEWED,ca1f2772-4712-4369-bc9b-6285c307f9f2
1763752905147,1,VIEWED,a4b6a69a-815e-40e5-9e3a-e2713af29746
1763752921571,1,VIEWED,59e517b8-6fd7-482c-b430-1a9ae3df4a84
1763753702512,1,VIEWED,8d10a8b3-7fb4-4886-9128-cd964fc5055c
1763753710920,1,VIEWED,ca1f2772-4712-4369-bc9b-6285c307f9f2
1763826160243,Qiaohui,VIEWED,7f8082c7-ac6c-4bbe-b9ce-9cd7b58fbaf4
1763826162196,Qiaohui,JOINED,7f8082c7-ac6c-4bbe-b9ce-9cd7b58fbaf4
1763828378886,Qiaohui,VIEWED,8da0da49-684e-4f90-8767-0650e965f72b
1763761626564,1,VIEWED,24292159-59b3-4753-877c-f6a2e2f65cfe
1763792077843,1,VIEWED,8d10a8b3-7fb4-4886-9128-cd964fc5055c
1763842057521,1234,VIEWED,7f8082c7-ac6c-4bbe-b9ce-9cd7b58fbaf4
1763842065758,1234,JOINED,7f8082c7-ac6c-4bbe-b9ce-9cd7b58fbaf4
1763842081629,1234,JOINED,7f8082c7-ac6c-4bbe-b9ce-9cd7b58fbaf4
1763842235292,1234,CREATED,fafbaa26-8202-41da-8679-dd66c22d78bf
1764108911521,123,VIEWED,dbeeb089-5e44-488b-9b4b-c815899ebad6
1764108913462,123,JOINED,dbeeb089-5e44-488b-9b4b-c815899ebad6
1764111679491,123,VIEWED,96e9029f-9ab4-4b5a-8bae-4f93654b39e3
1764113234332,123,VIEWED,3cabcb28-6042-4b5e-9b25-66d45e655a5d
1764113235484,123,JOINED,3cabcb28-6042-4b5e-9b25-66d45e655a5d
